Acura;CSX;5,0;1,2
Acura;EL;5,0;1,2
Acura;ILX;5,0;1,2
Acura;MDX;4,5;1,2
Acura;NSX;5,0;1,2
Acura;RDX;5,0;1,2
Acura;RL;5,0;1,2
Acura;RSX;5,0;1,2
Acura;TL;5,0;1,2
Acura;TSX;5,0;1,2
Acura;ZDX;5,0;1,2
Alfa Romeo;147;4,5;1,2
Alfa Romeo;156;4,5;1,2
Alfa Romeo;159;4,5;1,2
Alfa Romeo;166;4,5;1,2
Alfa Romeo;8C;4,5;1,2
Alfa Romeo;Brera;4,5;1,2
Alfa Romeo;Giulietta;4,5;1,2
Alfa Romeo;GT;4,5;1,2
Alfa Romeo;GTV;4,5;1,2
Alfa Romeo;MiTo;4,5;1,2
Alfa Romeo;Spider;4,5;1,2
Alpine;Все;8,0;1,5
Ariel;Atom;15,0;6,0
Aston Martin;Cygnet;5,8;2,0
Aston Martin;DB9;5,8;2,0
Aston Martin;DBS;5,8;2,0
Aston Martin;Rapide;5,8;2,0
Aston Martin;V12 Vanquish;5,8;2,0
Aston Martin;V8;5,8;2,0
Aston Martin;Vantage;5,8;2,0
Aston Martin;Virage;5,8;2,0
Audi;A1;4,7;1,2
Audi;A2;4,7;1,2
Audi;A3;4,0;1,2
Audi;A4;4,0;1,2
Audi;A5;4,0;1,2
Audi;A6;4,0;1,2
Audi;A7;4,0;1,2
Audi;A8;4,0;1,2
Audi;Allroad;4,5;1,2
Audi;Q3;5,2;1,2
Audi;Q5;4,2;2,5
Audi;Q7;4,2;2,5
Audi;R8;4,5;1,2
Audi;RS2;4,5;1,2
Audi;RS3;4,5;1,2
Audi;RS4;4,5;1,2
Audi;RS5;4,5;1,2
Audi;RS6;4,5;1,2
Audi;S3;4,5;1,2
Audi;S4;4,5;1,2
Audi;S5;4,5;1,2
Audi;S6;4,5;1,2
Audi;S8;4,5;1,2
Audi;TT;4,6;1,2
Bentley;Arnage;4,8;1,3
Bentley;Azure;4,8;1,3
Bentley;Brooklands;4,8;1,3
Bentley;Continental;4,8;1,3
Bentley;Continental Flying Spur;4,8;1,3
Bentley;Continental GT;4,8;1,3
Bentley;Continental GTC;4,8;1,3
Bentley;Continental Supersports;4,8;1,3
Bentley;Mulsanne;4,8;1,3
Bentley;Supersport;4,8;1,3
BMW;1er;5,6;1,2
BMW;3er;5,2;1,2
BMW;5er;4,0;1,2
BMW;6er;4,0;1,2
BMW;7er;4,0;1,2
BMW;Gran Turismo;4,5;1,2
BMW;M;5,0;1,5
BMW;X;4,5;2,5
BMW;Z;4,5;2,0
BMW Alpina;B3;5,5;2,5
BMW Alpina;B5;5,5;2,5
BMW Alpina;B6;5,5;2,5
BMW Alpina;B7;5,5;2,5
BMW Alpina;D3;5,5;2,5
BMW Alpina;Roadster S;5,5;3,5
BMW Alpina;Roadster V8;5,5;3,5
Brilliance;A1;8,5;1,2
Brilliance;BS4;8,5;1,2
Brilliance;BS6;8,5;1,2
Brilliance;M1;8,5;1,2
Brilliance;M2;8,5;1,2
Brilliance;M3;8,5;1,2
Bristol;Blenheim;8,5;1,2
Bristol;Fighter;8,5;1,2
Bristol;Speedster;8,5;1,2
Bugatti;Все;13,0;4,0
Buick;Century;10,0;1,1
Buick;Electra;10,0;1,1
Buick;Enclave;10,0;1,1
Buick;Excelle;10,0;1,1
Buick;GL8;10,0;1,1
Buick;HRV Excelle;10,0;1,1
Buick;LaCrosse;10,0;1,1
Buick;LE Sabre;10,0;1,1
Buick;Lucerne;10,0;1,1
Buick;Park Avenue;10,0;1,1
Buick;Rainer;10,0;1,1
Buick;Regal;10,0;1,1
Buick;Rendezvous;10,0;1,1
Buick;Sedan;10,0;1,1
Buick;Terraza;10,0;1,1
BYD;F 8;8,5;1,0
BYD;F0;8,5;1,0
BYD;F3;8,5;1,0
BYD;F6;8,5;1,0
BYD;FLYER II;8,5;1,0
Cadillac;BLS;6,3;1,2
Cadillac;CTS;6,3;1,2
Cadillac;De Ville;6,3;1,2
Cadillac;DTS;5,3;1,2
Cadillac;Escalade;5,3;1,2
Cadillac;Fleetwood;5,3;1,2
Cadillac;SRX;5,3;1,2
Cadillac;STS;6,3;1,2
Cadillac;XLR;5,3;1,2
Carbodies;Все;8,0;1,5
Changan;SM-8;8,0;1,5
Changan;Z-Chine;8,0;1,5
ChangFeng;Flying;8,5;1,2
ChangFeng;SUV;8,5;1,2
Chery;A3;8,5;1,0
Chery;Amulet;7,5;1,1
Chery;Bonus (A13);7,5;1,1
Chery;CrossEastar;7,5;1,1
Chery;Fora;7,5;1,1
Chery;IndiS (S18D);7,5;1,1
Chery;Kimo (A1);7,5;1,1
Chery;M11;7,5;1,1
Chery;Oriental Son;7,5;1,1
Chery;QQ6 (S21);7,5;1,1
Chery;Sweet (QQ);7,5;1,1
Chery;Tiggo;7,5;1,1
Chery;Very;7,5;1,1
Chevrolet;Astra;7,0;1,1
Chevrolet;Astro;7,0;1,1
Chevrolet;Avalanche;5,5;1,1
Chevrolet;Aveo;7,4;1,1
Chevrolet;Blazer;7,4;1,1
Chevrolet;Camaro;4,5;1,1
Chevrolet;Caprice;7,0;1,1
Chevrolet;Captiva;5,1;1,1
Chevrolet;Cavalier;7,0;1,1
Chevrolet;Celta;7,0;1,1
Chevrolet;Classic;7,0;1,1
Chevrolet;Cobalt;7,0;1,1
Chevrolet;Colorado;7,4;1,1
Chevrolet;Corsa;7,0;1,1
Chevrolet;Corvette;4,5;1,1
Chevrolet;Cruze;7,1;1,1
Chevrolet;Epica;7,0;1,1
Chevrolet;Equinox;7,4;1,1
Chevrolet;Evanda;7,1;1,1
Chevrolet;Express;4,5;1,1
Chevrolet;HHR;7,5;1,1
Chevrolet;Impala;7,0;1,1
Chevrolet;Kalos;7,0;1,1
Chevrolet;Lacetti;7,4;1,1
Chevrolet;Lanos;9,5;1,1
Chevrolet;LUV D-MAX;7,0;1,1
Chevrolet;Malibu;5,1;1,5
Chevrolet;Metro;7,0;1,1
Chevrolet;Monte Carlo;7,0;1,1
Chevrolet;Niva;8,0;1,5
Chevrolet;Nubira;7,0;1,1
Chevrolet;Omega;7,0;1,1
Chevrolet;Orlando;5,1;1,3
Chevrolet;Prizm;7,0;1,1
Chevrolet;Rezzo;6,0;1,1
Chevrolet;Savana;7,4;1,3
Chevrolet;Silverado;5,9;1,3
Chevrolet;Sonic;7,0;1,1
Chevrolet;Spark;9,5;1,1
Chevrolet;SSR;4,5;1,1
Chevrolet;Starcraft;4,5;1,1
Chevrolet;Suburban;4,5;1,1
Chevrolet;Tahoe;4,7;1,1
Chevrolet;Tavera;7,0;1,1
Chevrolet;Tracker;9,0;1,1
Chevrolet;Trailblazer;6,4;1,1
Chevrolet;Trans Sport;7,0;1,1
Chevrolet;Traverse;7,0;1,1
Chevrolet;Uplander;7,0;1,1
Chevrolet;Van;4,5;1,1
Chevrolet;Vectra;7,0;1,1
Chevrolet;Venture;7,0;1,1
Chevrolet;Viva;7,0;1,1
Chevrolet;Volt;7,0;1,1
Chevrolet;Zafira;7,0;1,1
Chrysler;200;5,0;1,1
Chrysler;300C;5,0;1,1
Chrysler;300M;5,0;1,3
Chrysler;Aspen;5,0;1,1
Chrysler;Concorde;5,0;1,3
Chrysler;Crossfire;5,0;1,1
Chrysler;Grand Voyager;5,0;1,1
Chrysler;Interpid;10,5;1,3
Chrysler;Nassau;5,0;1,1
Chrysler;Neon;5,0;1,1
Chrysler;Pacifica;5,0;1,1
Chrysler;Prowler;5,5;1,5
Chrysler;PT Cruiser;5,0;1,1
Chrysler;Sebring;5,0;1,1
Chrysler;Town&Country;5,0;1,3
Chrysler;Viper;5,0;1,1
Chrysler;Vision;5,0;1,1
Chrysler;Voyager;5,0;1,1
Citroen;Berlingo;4,2;1,2
Citroen;BX;8,0;1,5
Citroen;C-Crosser;5,0;1,2
Citroen;C1;10,5;1,2
Citroen;C2;9,5;1,2
Citroen;C3;7,0;1,2
Citroen;C3 Picasso;7,0;1,3
Citroen;C4;7,0;1,2
Citroen;C4 Grand Picasso;5,0;1,3
Citroen;C4 Picasso;5,0;1,3
Citroen;C5;5,0;1,2
Citroen;C6;5,0;1,2
Citroen;C8;5,0;1,2
Citroen;DS3;6,5;1,2
Citroen;DS4;5,0;1,2
Citroen;DS5;5,0;1,2
Citroen;Jumper;6,5;1,2
Citroen;Saxo;9,0;1,3
Citroen;Xantia;9,0;1,3
Citroen;Xsara;6,0;1,2
Citroen;Xsara Picasso;6,0;1,3
Cizeta;Все;15,0;6,0
Dacia;1310;10,0;1,1
Dacia;Duster;10,0;1,1
Dacia;Logan;10,0;1,1
Dacia;Nova;10,0;1,1
Dacia;Sandero;10,0;1,1
Dacia;Solenza;10,0;1,1
Dadi;City Leading;8,5;1,2
Dadi;Shuttle;8,5;1,2
Dadi;Smoothing;8,5;1,2
Daewoo;Arcadia;8,5;1,3
Daewoo;Charman;8,5;1,3
Daewoo;Damas;9,5;1,3
Daewoo;Evanda;8,5;1,3
Daewoo;G2X;8,5;1,3
Daewoo;Gentra;8,5;1,3
Daewoo;Kalos;10,0;1,3
Daewoo;Korando;8,5;1,3
Daewoo;Lacetti;7,5;1,3
Daewoo;Lanos (Sens);8,5;1,3
Daewoo;Leganza;10,0;1,3
Daewoo;Magnus;10,0;1,3
Daewoo;Matiz;8,5;1,3
Daewoo;Musso;8,5;1,3
Daewoo;Nexia;10,0;1,3
Daewoo;Nubira;10,5;1,3
Daewoo;Rezzo;7,5;1,3
Daewoo;Tacuma;10,0;1,3
Daewoo;Tico;11,0;1,3
Daewoo;Tosca;8,5;1,3
Daewoo;Winstorm;8,5;1,3
DAF;Все;5,0;1,5
Daihatsu;Altis;8,0;1,1
Daihatsu;Applause;8,0;1,1
Daihatsu;Be-go;8,0;1,1
Daihatsu;Boon;8,0;1,1
Daihatsu;Ceria;8,0;1,1
Daihatsu;Coo;8,0;1,1
Daihatsu;Copen;8,0;1,1
Daihatsu;Cuore;8,0;1,1
Daihatsu;Delta;8,0;1,1
Daihatsu;Esse;8,0;1,1
Daihatsu;Materia;8,0;1,1
Daihatsu;MAX;8,0;1,1
Daihatsu;Mira;8,0;1,1
Daihatsu;Mira Gino;8,0;1,1
Daihatsu;Move;8,0;1,1
Daihatsu;Perodua Viva;8,0;1,1
Daihatsu;Rocky;8,0;1,1
Daihatsu;Sirion;8,0;1,1
Daihatsu;Sonica;8,0;1,1
Daihatsu;Tanto;8,0;1,1
Daihatsu;Terios;8,0;1,1
Daihatsu;Trevis;8,0;1,1
Daihatsu;Xenia;8,0;1,1
Daihatsu;YRV;8,0;1,1
Daimler;Daimler;8,0;1,1
Daimler;Super Eight;8,0;1,1
Dallas;Fun;8,0;1,1
Derways;Antelope;8,5;1,1
Derways;Aurora;8,5;1,1
Derways;Cowboy;8,5;1,1
Derways;Land Crown;8,5;1,1
Derways;Plutus;8,5;1,1
Derways;Saladin;8,5;1,1
Derways;Shuttle;8,5;1,1
Dodge;Avenger;6,5;1,1
Dodge;Caliber;5,5;1,1
Dodge;Caravan;5,3;1,1
Dodge;Challenger;5,0;1,1
Dodge;Charger;5,0;1,1
Dodge;Dakota;7,0;1,1
Dodge;Durango;5,3;1,1
Dodge;Grand Caravan;5,3;1,3
Dodge;Interpid;8,0;1,3
Dodge;Journey;7,0;1,1
Dodge;Magnum;5,3;1,1
Dodge;Neon;7,0;1,1
Dodge;Nitro;5,3;1,1
Dodge;RAM;5,0;1,1
Dodge;Stratus;7,0;1,1
Dodge;Viper;5,3;1,1
DongFeng;MPV;5,0;1,5
DongFeng;Oting;5,0;1,5
DongFeng;Rich;5,0;1,5
DongFeng;ZND;5,0;1,5
Doninvest;Все;9,0;1,1
Eagle;SS;8,0;1,1
Eagle;Talon;8,0;1,1
FAW;A6;8,5;1,2
FAW;Admiral;8,5;1,2
FAW;Besturn;8,5;1,2
FAW;Bora;8,5;1,2
FAW;Jetta;8,5;1,2
FAW;Jinn;8,5;1,2
FAW;HQ3;8,5;1,3
FAW;Landmark;8,5;1,3
FAW;Vita;8,5;1,2
Ferrari;430;15,0;6,0
Ferrari;458 Italia;15,0;6,0
Ferrari;599;15,0;6,0
Ferrari;612 Scaglietti;15,0;6,0
Ferrari;Barchetta;15,0;6,0
Ferrari;California;15,0;6,0
Ferrari;Enzo;15,0;6,0
Ferrari;FF;15,0;6,0
Ferrari;Maranello;15,0;6,0
Fiat;500;7,0;1,1
Fiat;600;7,0;1,1
Fiat;Albea;8,5;1,1
Fiat;Barchetta;7,0;1,1
Fiat;Bravo;7,0;1,1
Fiat;Croma;5,5;1,1
Fiat;Doblo;3,9;1,1
Fiat;Doblo Panorama;3,9;1,3
Fiat;Ducato;3,9;1,3
Fiat;Fiorino;7,0;1,1
Fiat;Grande Punto;7,2;1,3
Fiat;Idea;7,0;1,1
Fiat;Linea;7,0;1,1
Fiat;Marea;9,2;1,1
Fiat;Multipla;7,0;1,1
Fiat;New 500;6,5;1,1
Fiat;Palio;8,5;1,1
Fiat;Panda;8,5;1,1
Fiat;Punto;8,5;1,1
Fiat;Qubo;7,0;1,1
Fiat;Sedici;7,0;1,1
Fiat;Seicento;8,5;1,1
Fiat;Siena;7,0;1,1
Fiat;Stilo;7,2;1,1
Fiat;Strada;7,0;1,1
Fiat;Ulysse;7,2;1,1
Ford;C-MAX;7,0;1,1
Ford;Crown Victoria;10,0;1,1
Ford;Econoline;7,0;1,1
Ford;Edge;7,0;1,1
Ford;Escape;5,1;1,1
Ford;Escort;10,0;1,1
Ford;Everest;7,0;1,1
Ford;Excursion;5,1;1,1
Ford;Expedition;5,1;1,1
Ford;Explorer;5,0;1,1
Ford;F-series;5,1;1,1
Ford;Fiesta;7,4;1,1
Ford;Five Hundred;9,0;1,1
Ford;Flex;9,0;1,1
Ford;Focus;7,6;1,1
Ford;Focus C-MAX;4,5;1,3
Ford;Focus ST;7,5;1,3
Ford;Freestar;7,0;1,1
Ford;Freestyle;7,0;1,1
Ford;Fusion;7,4;1,1
Ford;Galaxy;5,0;1,1
Ford;GT;9,0;1,1
Ford;Ixion;9,0;1,1
Ford;KA;8,5;1,1
Ford;Kuga;5,0;1,1
Ford;Maverick;7,4;1,1
Ford;Mondeo;5,3;1,1
Ford;Mustang;4,5;1,1
Ford;Orion;9,0;1,1
Ford;Puma;9,0;1,3
Ford;Ranger;6,0;1,1
Ford;S-MAX;4,5;1,1
Ford;Shelby;9,0;1,1
Ford;Sport Trac;9,0;1,1
Ford;SportKa/StreetKa;8,5;1,3
Ford;Taurus;9,0;1,1
Ford;Taurus X;9,0;1,1
Ford;Thunderbird;9,0;1,1
Ford;Tourneo Connect;5,6;1,1
Ford;Transit;6,0;1,3
Ford;Windstar;9,0;1,3
Foton;Midi;8,5;1,2
Geely;Beauty Leopard;8,5;1,2
Geely;Emgrand;8,5;1,2
Geely;FC;8,5;1,2
Geely;Haoqing;8,5;1,2
Geely;Merrie;8,5;1,2
Geely;MK;8,5;1,2
Geely;MK Cross;8,5;1,2
Geely;Otaka;8,5;1,2
Geely;Uliou;8,5;1,2
Geely;Vision;8,5;1,2
Geo;Все;10,0;1,5
GMC;Acadia;5,3;1,0
GMC;Canyon;7,0;1,0
GMC;Envoy;7,0;1,0
GMC;Safari;7,0;1,0
GMC;Savana;5,0;1,0
GMC;Sierra;5,0;1,0
GMC;Sonoma;10,0;1,0
GMC;Terrain;7,0;1,0
GMC;Yukon;5,3;1,0
Gonow;Troy;8,0;1,5
Gonow;Victor;8,0;1,5
Great Wall;Cool Bear;6,5;1,2
Great Wall;Cowry;6,5;1,2
Great Wall;Deer;6,5;1,2
Great Wall;Florid;6,5;1,2
Great Wall;Hover;6,5;1,2
Great Wall;Pegasus;6,5;1,2
Great Wall;Peri;6,5;1,2
Great Wall;Phenom (I7);6,5;1,2
Great Wall;Safe;6,5;1,2
Great Wall;Sailor;6,5;1,2
Great Wall;Sing RUV;6,5;1,2
Great Wall;Socool;6,5;1,2
Great Wall;Sokol;6,5;1,2
Great Wall;SUV;6,5;1,2
Great Wall;Wingle;6,5;1,2
Hafei;Brio;8,5;1,1
Hafei;Princip;8,5;1,1
Hafei;Saibao;8,5;1,1
Hafei;Sigma;8,5;1,1
Hafei;Simbo;8,5;1,1
Haima;3;8,5;1,1
Haima;H11 (3 HB);8,5;1,1
Hindustan;Ambassador;8,0;1,5
Hindustan;Contessa;8,0;1,5
Hindustan;Lancer;8,0;1,5
Hindustan;Pajero;8,0;1,5
Holden;Astra;8,0;1,5
Holden;Barina;8,0;1,5
Holden;Calais;8,0;1,5
Holden;Caprice;8,0;1,5
Holden;Combo;8,0;1,5
Holden;Commodore;8,0;1,5
Holden;Cruze;8,0;1,5
Holden;Farad;8,0;1,5
Holden;Frontera;8,0;1,5
Holden;Jackaroo;8,0;1,5
Holden;Monaro;8,0;1,5
Holden;Rodeo;8,0;1,5
Holden;Statesmann;8,0;1,5
Holden;Suburban;8,0;1,5
Holden;UTE;8,0;1,5
Holden;Vectra;8,0;1,5
Holden;Zafira;8,0;1,5
Honda;Accord;9,0;4,0
Honda;Airwave;6,0;2,0
Honda;Capa;6,0;2,0
Honda;City;6,0;2,0
Honda;Civic;10,5;4,0
Honda;Civic TYPE-R;15,0;4,0
Honda;CR-V;8,0;4,0
Honda;CR-Z;6,0;2,0
Honda;Crossroad;6,0;2,0
Honda;Crosstour;5,5;2,0
Honda;Edix;6,0;2,0
Honda;Element;5,0;1,5
Honda;Elysion;6,0;2,0
Honda;FCX Clarity;6,0;2,0
Honda;FIT;6,0;2,0
Honda;Fit Aria;6,0;2,0
Honda;FR-V;7,4;1,5
Honda;Freed;6,0;2,0
Honda;HR-V;7,4;4,0
Honda;Insight;6,0;2,0
Honda;Inspire;6,0;2,0
Honda;Integra;6,0;2,0
Honda;Jazz;7,7;1,5
Honda;Lagreat;6,0;2,0
Honda;Legend;6,2;3,0
Honda;Life;6,0;2,0
Honda;MDX;6,0;2,0
Honda;Mobilio;6,0;2,0
Honda;NSX;6,0;2,0
Honda;Odyssey;5,5;1,5
Honda;Partner;6,0;2,0
Honda;Passport;6,0;2,0
Honda;Pilot;5,5;3,0
Honda;Prelude;6,5;2,0
Honda;Ridgeline;5,0;1,5
Honda;S2000;7,0;1,5
Honda;Saber;6,0;2,0
Honda;Shuttle;10,2;1,5
Honda;Stepwgn;6,0;2,0
Honda;Stream;6,0;2,0
Honda;That S;6,0;2,0
Honda;Vamos;6,0;2,0
Honda;Z;6,0;2,0
Honda;Zest;6,0;2,0
HuangHai;Antelope;10,0;1,5
HuangHai;Landscape;10,0;1,5
HuangHai;Plutus;10,0;1,5
Hummer;Hummer;6,0;2,0
Hurtan;Albaycin;8,0;1,5
Hurtan;Cabriolet;8,0;1,5
Hurtan;Grand Albaycin;8,0;1,5
Hyundai;Accent;8,5;1,2
Hyundai;Atos;9,0;1,2
Hyundai;Avante;7,4;1,2
Hyundai;Centennial;7,4;1,2
Hyundai;Coupe;7,5;1,2
Hyundai;Dynasty;7,4;1,2
Hyundai;Elantra;7,1;1,2
Hyundai;Equus;4,6;1,2
Hyundai;Galloper;7,2;2,0
Hyundai;Genesis;4,5;1,2
Hyundai;Getz;7,4;1,2
Hyundai;Grandeur;5,7;1,2
Hyundai;H1;5,8;1,5
Hyundai;H100;4,5;1,5
Hyundai;i10;7,4;1,2
Hyundai;i20;7,4;1,2
Hyundai;i30;5,2;1,2
Hyundai;i40;5,0;1,2
Hyundai;ix35;5,5;1,2
Hyundai;ix55;4,5;1,2
Hyundai;Lantra;9,0;1,5
Hyundai;Lavita;7,4;1,2
Hyundai;Matrix;6,0;1,2
Hyundai;NF;5,5;1,2
Hyundai;Porter;5,6;1,5
Hyundai;Santa FE;4,8;1,2
Hyundai;Santamo;7,4;1,2
Hyundai;Solaris;5,5;1,2
Hyundai;Sonata;6,0;1,2
Hyundai;Starex;6,0;1,2
Hyundai;Terracan;7,4;1,2
Hyundai;Tiburon;7,5;1,2
Hyundai;Trajet;6,4;1,2
Hyundai;Tucson;5,5;1,2
Hyundai;Tuscani;10,0;1,2
Hyundai;Veloster;7,4;1,2
Hyundai;Veracruz (ix55);7,4;1,2
Hyundai;Verna;8,5;1,2
Hyundai;XG;7,4;1,2
Infiniti;EX;4,5;2,0
Infiniti;FX;5,0;3,0
Infiniti;G;4,7;2,5
Infiniti;G25;4,7;2,5
Infiniti;G35;4,7;2,5
Infiniti;G37;4,7;2,5
Infiniti;I;4,5;2,0
Infiniti;I35;4,5;2,0
Infiniti;JX;4,5;2,0
Infiniti;M;4,8;2,0
Infiniti;M35;4,8;2,0
Infiniti;M45;4,8;2,0
Infiniti;Q;4,5;2,0
Infiniti;Q45;4,5;2,0
Infiniti;QX;4,5;2,0
Infiniti;QX56;5,0;3,0
Iran Khodro;Samand;8,5;1,5
Isdera;Commendatore;15,0;6,0
Isdera;Imperator;15,0;6,0
Isdera;Spyder;15,0;6,0
Isuzu;Ascender;7,4;1,1
Isuzu;Axiom;7,4;1,5
Isuzu;D-Max;7,4;1,1
Isuzu;Rodeo;10,0;1,1
Isuzu;Trooper;7,4;1,1
Isuzu;VehiCross;7,4;1,5
JAC;Rein;7,0;1,5
JAC;Refine;7,0;1,5
Jaguar;E-type;4,7;2,0
Jaguar;S-type;4,2;1,2
Jaguar;X-type;5,0;1,2
Jaguar;XF;4,5;1,2
Jaguar;XJ;4,5;1,2
Jaguar;XJR;4,0;1,2
Jaguar;XK 8;4,5;1,2
Jaguar;XKR;4,5;1,2
Jaguar;XKS;4,5;2,0
Jeep;Cherokee;5,0;1,5
Jeep;Commander;4,5;1,5
Jeep;Compass;4,7;1,5
Jeep;Grand Cherokee;5,0;1,5
Jeep;Liberty;4,5;1,5
Jeep;Patriot;4,5;1,5
Jeep;Wrangler;4,7;1,5
JMC;Baodian;8,0;2,0
Kia;Avella;5,8;1,2
Kia;Cadenza (K7);5,8;1,2
Kia;Carens;7,0;1,2
Kia;Carnival;4,7;1,2
Kia;Ceed/ Pro_Ceed;5,4;1,5
Kia;Cerato (Forte);4,5;1,2
Kia;Clarus;6,5;1,5
Kia;Enterprise;5,8;1,2
Kia;Joice;10,0;1,5
Kia;HM;5,0;1,5
Kia;K 2700;4,2;1,5
Kia;Magentis;5,8;1,2
Kia;Mohave (Borrego);5,0;1,2
Kia;Opirus;5,0;1,2
Kia;Optima;5,8;1,2
Kia;Picanto;10,0;1,2
Kia;Potentia;5,8;1,2
Kia;Retona;5,8;1,2
Kia;Rio;5,9;1,2
Kia;Roadster;5,8;1,2
Kia;Sedona;5,8;1,2
Kia;Sephia;10,0;1,2
Kia;Shuma;10,0;1,5
Kia;Sorento;5,0;1,2
Kia;Soul;7,0;1,2
Kia;Spectra;8,5;1,2
Kia;Sportage;4,8;1,2
Kia;Venga;6,0;1,2
Kia;Visto;5,8;1,2
Kia;X-Trek;5,8;1,2
Lamborghini;Aventador;15,0;6,0
Lamborghini;Diablo;15,0;6,0
Lamborghini;Gallardo;15,0;6,0
Lamborghini;Murcielago;15,0;6,0
Lamborghini;Reventon;15,0;6,0
Lancia;Delta;7,5;1,1
Lancia;Kappa;7,5;1,1
Lancia;Lybra;7,5;1,1
Lancia;Musa;7,5;1,1
Lancia;Phedra;7,5;1,1
Lancia;Thesis;7,5;1,1
Lancia;Y;7,5;1,1
Land Rover;Defender;4,2;1,0
Land Rover;Discovery;3,9;1,0
Land Rover;Freelander;3,9;1,0
Land Rover;Range Rover;3,6;1,0
Land Rover;Range Rover Sport;3,8;2,5
Land Rover;Range Rover Evoque;3,6;1,0
Landmark;Все;10,0;1,5
Landwind;SUV;10,0;1,5
Lexus;CT;4,5;1,5
Lexus;ES;4,5;2,0
Lexus;GS;4,5;2,0
Lexus;GX;5,0;2,0
Lexus;HS;5,0;2,0
Lexus;IS;4,5;2,0
Lexus;LFA;5,0;2,0
Lexus;LS;5,0;1,5
Lexus;LX;5,0;2,0
Lexus;RX;5,0;3,0
Lexus;SC;4,5;1,5
Lifan;320;9,5;1,2
Lifan;Breez (520);9,5;1,2
Lifan;Solano (620);9,5;1,2
Lincoln;Aviator;5,0;1,2
Lincoln;Continental;10,0;1,2
Lincoln;LS;7,0;1,2
Lincoln;Mark LT;5,0;1,2
Lincoln;MKS;4,5;1,2
Lincoln;MKT;4,5;1,2
Lincoln;MKX;4,5;1,2
Lincoln;MKZ;4,5;1,2
Lincoln;Navigator;4,5;1,2
Lincoln;Town Car;7,0;1,2
Lincoln;Zephyr;8,0;1,2
Lotus;Elise;15,0;6,0
Lotus;Europa;15,0;6,0
Lotus;Evora;15,0;6,0
Lotus;Exige;15,0;6,0
Mahindra;Armada;6,0;2,0
Mahindra;Bolero;6,0;2,0
Mahindra;Commander;6,0;2,0
Mahindra;Marshal;6,0;2,0
Mahindra;MM 775;6,0;2,0
Mahindra;Scorpio;6,0;2,0
Marussia;B2;15,0;4,0
Marussia;В1;15,0;4,0
Maruti;800;8,0;1,5
Maruti;Alto;8,0;1,5
Maruti;Baleno;8,0;1,5
Maruti;Esteem;8,0;1,5
Maruti;Gypsy;8,0;1,5
Maruti;Omni;8,0;1,5
Maruti;Versa;8,0;1,5
Maruti;Wagon R;8,0;1,5
Maruti;Zen;8,0;1,5
Maserati;4300 GT Coupe;12,0;4,0
Maserati;Coupe;12,0;4,0
Maserati;GranSport;12,0;4,0
Maserati;GranTurismo;12,0;4,0
Maserati;MC12;12,0;4,0
Maserati;Quattroporte;12,0;4,0
Maserati;Spyder;12,0;4,0
Maybach;57 S и 62 S;6,0;2,0
Maybach;57 и 62;6,0;2,0
Mazda;2;8,5;2,0
Mazda;3;11,0;4,0
Mazda;3 MPS;15,0;4,0
Mazda;5;8,0;2,0
Mazda;6;10,0;4,0
Mazda;6 MPS;15,0;4,0
Mazda;Atenza;8,0;1,5
Mazda;Axela;8,0;1,5
Mazda;Az-offroad;8,0;1,5
Mazda;Az-wagon;8,0;1,5
Mazda;B-series;6,0;1,5
Mazda;Biante;8,0;1,5
Mazda;Bongo;8,0;1,5
Mazda;BT-50;7,0;1,5
Mazda;Carol;8,0;1,5
Mazda;CX-5;7,0;3,0
Mazda;CX-7;7,0;3,0
Mazda;CX-9;7,0;4,0
Mazda;Demio;6,5;1,5
Mazda;Laputa;6,5;1,5
Mazda;Levante;6,5;1,5
Mazda;MPV;6,5;1,5
Mazda;Mx-5;7,1;1,5
Mazda;Premacy;5,5;1,5
Mazda;Prot?g?;5,5;2,0
Mazda;Roadster;8,0;2,5
Mazda;RX 7;6,5;1,5
Mazda;Rx-8;6,5;1,5
Mazda;Spiano;6,0;1,5
Mazda;Tribute;7,1;1,5
Mazda;Verisa;7,0;1,5
Mazda;Xedos;10,0;2,0
Mc Laren;Все;15,0;6,0
MCC;Все;10,0;2,0
Mercedes-Benz;A-klasse;4,6;1,5
Mercedes-Benz;B-klasse;4,4;1,5
Mercedes-Benz;C-klasse;4,2;1,5
Mercedes-Benz;CL-Klasse;4,1;1,5
Mercedes-Benz;CLC-klasse;4,0;1,5
Mercedes-Benz;CLK-klasse;4,0;1,5
Mercedes-Benz;CLS-klasse;4,0;1,5
Mercedes-Benz;E-klasse;4,0;1,5
Mercedes-Benz;G-Klasse;4,0;1,5
Mercedes-Benz;GL-klasse;4,0;1,5
Mercedes-Benz;GLK-klasse;4,0;1,5
Mercedes-Benz;M-klasse;4,0;1,5
Mercedes-Benz;Pullmann;4,0;2,0
Mercedes-Benz;R-klasse;4,0;1,5
Mercedes-Benz;S-klasse;4,0;1,5
Mercedes-Benz;SL-klasse;4,0;1,5
Mercedes-Benz;SLK-klasse;4,0;1,5
Mercedes-Benz;SLR McLaren;8,0;3,0
Mercedes-Benz;SLS-klasse;4,0;1,5
Mercedes-Benz;Sprinter;4,3;1,5
Mercedes-Benz;V;4,2;1,5
Mercedes-Benz;Vaneo;4,5;1,5
Mercedes-Benz;Viano;4,2;1,5
Mercedes-Benz;Vito;4,2;1,5
Mercury;Cougar;7,0;1,4
Mercury;Grand Marquis;7,0;1,2
Mercury;Marauder;7,0;1,2
Mercury;Mariner;7,0;1,2
Mercury;Milan;7,0;1,2
Mercury;Montego;7,0;1,2
Mercury;Monterey;7,0;1,2
Mercury;Mountaineer;7,0;1,2
Mercury;Sable;7,0;1,2
Mercury;Villager;7,0;1,2
Metrocab;Taxi (II -series);10,0;2,0
MG;550;12,0;2,0
MG;TF;12,0;2,0
MG;Xpower SV;12,0;2,0
MG;ZR;12,0;2,0
MG;ZS;12,0;2,0
MG;ZT;12,0;2,0
Microcar;Все;10,0;2,0
Mini;Clubman;5,3;1,1
Mini;Cooper;5,3;1,1
Mini;Countryman;5,3;1,1
Mini;One;5,3;1,1
Mitsubishi;Airtrek;7,4;1,7
Mitsubishi;ASX;5,1;2,0
Mitsubishi;Carisma;10,5;1,5
Mitsubishi;Colt;7,4;1,7
Mitsubishi;Delica;7,4;1,7
Mitsubishi;Diamante;7,4;1,7
Mitsubishi;Dion;7,4;1,7
Mitsubishi;Eclipse;10,2;1,7
Mitsubishi;EK Wagon;7,4;1,7
Mitsubishi;Endeavor;7,4;1,7
Mitsubishi;Galant;7,0;1,7
Mitsubishi;Grandis;5,0;1,7
Mitsubishi;GTO;7,0;1,7
Mitsubishi;i;7,0;1,7
Mitsubishi;L 200;5,5;1,7
Mitsubishi;L 300;4,7;1,5
Mitsubishi;L 400;4,7;1,5
Mitsubishi;Lancer IX;9,0;3,0
Mitsubishi;Lancer Evolution IX;12,0;4,0
Mitsubishi;Lancer X;12,0;4,0
Mitsubishi;Lancer Evolution X;13,0;4,0
Mitsubishi;Minica;6,0;1,7
Mitsubishi;Montero;5,5;1,7
Mitsubishi;Montero Sport;7,0;2,0
Mitsubishi;Outlander;6,0;1,7
Mitsubishi;Outlander XL;5,5;2,0
Mitsubishi;Pajero;6,0;1,7
Mitsubishi;Pajero Sport/IQ/Pinin;6,0;2,0
Mitsubishi;Pistachio;7,0;1,7
Mitsubishi;Raider;7,0;1,7
Mitsubishi;RVR;7,0;1,7
Mitsubishi;Santamo;7,0;1,7
Mitsubishi;Space Gear;7,0;1,7
Mitsubishi;Space Star;10,0;1,5
Mitsubishi;Space Wagon;10,0;1,5
Mitsubishi;Toppo;7,0;1,7
Mitsubishi;Town BOX;7,0;1,7
Mitsuoka;Galue;12,0;4,0
Mitsuoka;Himiko;12,0;4,0
Mitsuoka;Micro Car;12,0;4,0
Mitsuoka;Nouera;12,0;4,0
Mitsuoka;Orochi;12,0;4,0
Mitsuoka;Viewt;12,0;4,0
Monte Carlo;Все;8,0;2,0
Morris;Все;15,0;6,0
Nissan;350Z;5,5;2,0
Nissan;370Z;5,5;2,0
Nissan;AD;7,0;1,3
Nissan;Almera;8,5;1,3
Nissan;Altima;7,4;1,3
Nissan;Armada;5,5;1,3
Nissan;Avenir;5,5;1,3
Nissan;Bluebird;5,5;1,3
Nissan;Cedric;5,5;1,3
Nissan;Cima;5,5;1,3
Nissan;Crew;5,5;1,3
Nissan;Cube;5,5;1,3
Nissan;Datsun;5,5;1,3
Nissan;Dualis;5,5;1,3
Nissan;Elgrand;5,5;1,3
Nissan;Expert;5,5;1,3
Nissan;Fairlady Z;5,5;1,3
Nissan;Frontier;5,5;1,3
Nissan;Fuga;5,5;1,3
Nissan;GT-R;5,5;2,0
Nissan;Juke;6,3;1,3
Nissan;King Cab;5,5;1,3
Nissan;Lafesta;5,5;1,3
Nissan;Laurel;5,5;1,3
Nissan;Leaf;5,5;1,3
Nissan;Liberty;5,5;1,3
Nissan;March;5,5;1,3
Nissan;Maxima;5,5;1,3
Nissan;Micra;6,9;1,3
Nissan;Moco;5,5;1,3
Nissan;Murano;4,5;2,0
Nissan;Navara;5,0;1,3
Nissan;Note;6,6;1,3
Nissan;NP 300 Pick up;6,5;1,3
Nissan;Otti;5,5;1,3
Nissan;Pathfinder;4,2;1,3
Nissan;Patrol;4,2;1,3
Nissan;Pick UP;7,0;1,3
Nissan;Pino;5,5;1,3
Nissan;Pixo;5,5;1,3
Nissan;Prairie;5,5;1,3
Nissan;Presage;5,5;1,3
Nissan;Presea;5,5;1,3
Nissan;President;5,5;1,3
Nissan;Primera;7,1;1,3
Nissan;Qashqai;5,8;1,3
Nissan;Quest;5,5;1,3
Nissan;R Nessa;5,5;1,3
Nissan;Rasheen;5,5;1,3
Nissan;Rogue;7,0;1,3
Nissan;Safari;5,5;1,3
Nissan;Sentra;5,5;1,3
Nissan;Serena;5,5;1,3
Nissan;Skyline;5,5;1,3
Nissan;Stagea;5,5;1,3
Nissan;Sunny;5,5;1,3
Nissan;Teana;5,5;1,3
Nissan;Terrano;7,4;1,3
Nissan;Tiida;6,0;1,3
Nissan;Titan;5,5;1,3
Nissan;Vanette;5,5;1,3
Nissan;Versa;5,5;1,3
Nissan;Wingroad;5,5;1,3
Nissan;X-Terra;5,5;1,3
Nissan;X-Trail;5,5;2,0
Oldsmobile;Alero;10,0;1,3
Oldsmobile;Aurora;10,0;1,3
Oldsmobile;Bravada;10,0;1,3
Oldsmobile;Cutlass;10,0;1,3
Oldsmobile;Intrigue;10,0;1,3
Oldsmobile;Omega;10,0;1,3
Oldsmobile;Silhouette;10,0;1,3
Opel;Agila;10,0;1,5
Opel;Antara;4,6;1,5
Opel;Astra;7,5;1,5
Opel;Combo;7,0;1,5
Opel;Corsa;8,0;1,5
Opel;Frontera;7,4;1,5
Opel;GT;12,0;4,0
Opel;Insignia;5,2;1,5
Opel;Meriva;7,0;1,5
Opel;Signum;7,0;1,3
Opel;Speedster;10,0;2,0
Opel;Tigra;7,4;1,3
Opel;Vectra;6,0;1,3
Opel;Vita;8,0;1,5
Opel;Zafira;4,5;1,3
Perodua;Kelisa;8,0;1,5
Perodua;Kenari;8,0;1,5
Perodua;Nippa;8,0;1,5
Peugeot;1007;10,0;1,3
Peugeot;106;8,6;1,3
Peugeot;107;8,6;1,3
Peugeot;206;7,4;1,3
Peugeot;207;7,4;1,3
Peugeot;3008;7,0;1,3
Peugeot;306;7,4;1,3
Peugeot;307;7,4;1,3
Peugeot;308;6,5;1,3
Peugeot;4007;5,3;1,3
Peugeot;4008;5,0;1,3
Peugeot;406;5,0;1,3
Peugeot;407;5,0;1,3
Peugeot;408;5,5;1,3
Peugeot;5008;5,0;1,3
Peugeot;508;5,0;1,3
Peugeot;607;7,1;1,3
Peugeot;807;5,0;1,3
Peugeot;Boxer;4,5;1,3
Peugeot;Partner;5,0;1,3
Peugeot;RCZ;5,0;1,3
Pontiac;Aztec;6,5;1,5
Pontiac;Bonneville;6,5;1,5
Pontiac;G4;6,5;1,5
Pontiac;G5;6,5;1,5
Pontiac;G6;6,5;1,5
Pontiac;G8;6,5;1,5
Pontiac;Grand AM;6,5;1,5
Pontiac;Grand Prix;6,5;1,5
Pontiac;GTO;6,5;1,5
Pontiac;Montana;6,5;1,5
Pontiac;Parisienne;6,5;1,5
Pontiac;Solstice;6,5;1,5
Pontiac;Sunfire;6,5;1,5
Pontiac;Torrent;6,5;1,5
Pontiac;Trans Sport;6,5;1,5
Pontiac;Vibe;6,5;1,5
Porsche;911;5,5;3,0
Porsche;Boxster;5,5;3,0
Porsche;Carrera GT;5,5;3,0
Porsche;Cayenne;5,5;4,0
Porsche;Cayman;5,0;3,0
Porsche;Panamera;5,0;3,0
Proton;Juara;10,0;1,3
Proton;Perdana;10,0;1,3
Proton;Persona 300 Compact;10,0;1,3
Proton;Persona 400;10,0;1,3
Proton;Saga;10,0;1,3
Proton;Waja;10,0;1,3
Puma;Все;8,0;1,5
Qvale;Все;12,0;4,0
Renault;21;9,0;1,3
Renault;Avantime;9,0;1,3
Renault;Clio;8,0;1,3
Renault;Duster;6,5;1,3
Renault;Espace;5,5;1,3
Renault;Fluence;5,0;1,3
Renault;Kangoo;4,3;1,3
Renault;Koleos;4,7;1,3
Renault;Laguna;5,0;1,3
Renault;Latitude;5,0;1,3
Renault;Logan;10,0;1,3
Renault;Megane;6,7;1,3
Renault;Modus;6,7;1,3
Renault;Sandero;10,0;1,3
Renault;Scenic;7,0;1,3
Renault;Symbol;8,1;1,3
Renault;Twingo;9,0;1,3
Renault;Twizy;9,0;1,3
Renault;Vel Satis;7,0;1,3
Renault;Wind;9,0;1,3
Renault Samsung;SM3;10,0;1,5
Renault Samsung;SM5;10,0;1,5
Renault Samsung;SM7;10,0;1,5
Rolls-Royce;Corniche Cabrio;15,0;6,0
Rolls-Royce;Ghost;15,0;6,0
Rolls-Royce;Park Ward;15,0;6,0
Rolls-Royce;Phantom;15,0;6,0
Rolls-Royce;Phantom Coupe;15,0;6,0
Rolls-Royce;Phantom Drophead Coupe;15,0;6,0
Rolls-Royce;Silver Seraph;15,0;6,0
Rover;25;9,5;1,5
Rover;45;9,5;1,5
Rover;75;9,5;1,5
Rover;MG;9,5;1,5
Rover;Streetwise;9,5;1,5
Saab;9-2X;5,0;1,5
Saab;40977;5,0;1,5
Saab;9-3X;5,0;1,5
Saab;9-4X;5,0;1,5
Saab;41038;5,0;1,5
Saab;9-7X;5,0;1,5
Samand;Все;10,0;1,5
Saturn;Astra;10,0;1,5
Saturn;Aura;10,0;1,5
Saturn;ION;10,0;1,5
Saturn;LS;10,0;1,5
Saturn;LW;10,0;1,5
Saturn;Outlook;10,0;1,5
Saturn;Relay;10,0;1,5
Saturn;Sky;10,0;1,5
Saturn;VUE;10,0;1,5
Scion;iQ;5,0;1,5
Scion;tC;5,0;1,5
Scion;xA;5,0;1,5
Scion;xB;5,0;1,5
Scion;xD;5,0;1,5
SEAT;Alhambra;7,4;1,3
SEAT;Altea;5,3;1,3
SEAT;Arosa;9,0;1,3
SEAT;Cordoba;7,4;1,3
SEAT;Exeo;7,4;1,3
SEAT;Ibiza;7,4;1,3
SEAT;Leon;5,3;1,3
SEAT;Toledo;5,3;1,3
ShuangHuan;Sceo;10,0;1,5
Skoda;Fabia;6,0;1,3
Skoda;Octavia;5,0;1,3
Skoda;Praktik;4,5;1,3
Skoda;Roomster;4,5;1,3
Skoda;Superb;4,5;1,3
Skoda;Yeti;4,5;1,3
SMA;Maple;10,0;1,5
Smart;Crossblade;7,5;1,5
Smart;Forfour;7,5;1,5
Smart;Fortwo;7,5;1,5
Smart;Roadster;7,5;1,5
Spyker;C8;10,0;1,5
Ssang Yong;Actyon;6,3;1,3
Ssang Yong;Chairman;6,3;1,3
Ssang Yong;Korando;6,3;1,3
Ssang Yong;Kyron;6,3;1,3
Ssang Yong;Musso;6,3;1,3
Ssang Yong;Rexton;6,3;1,3
Ssang Yong;Rodius;6,3;1,3
Ssang Yong;Tager;6,3;1,3
Subaru;Baja;6,0;1,4
Subaru;BRZ;9,0;1,4
Subaru;Dex;6,0;1,4
Subaru;Dias;6,0;1,4
Subaru;Exiga;6,0;1,4
Subaru;Forester;6,0;1,4
Subaru;Impreza;9,0;1,4
Subaru;Impreza WRX;12,0;2,0
Subaru;Justy;6,0;1,4
Subaru;Legacy;6,0;1,4
Subaru;Lucra;6,0;1,4
Subaru;Outback;6,0;1,4
Subaru;Pleo;5,5;1,4
Subaru;R1;5,5;1,4
Subaru;R2;5,5;1,4
Subaru;Stella;5,5;1,4
Subaru;Trezia;5,5;1,4
Subaru;Tribeca;5,5;1,4
Subaru;Vivio;5,5;1,4
Subaru;XV;5,5;1,4
Suzuki;Aerio;7,4;1,4
Suzuki;Alto;7,4;1,4
Suzuki;Baleno;10,0;1,4
Suzuki;Cappuccino;7,4;1,4
Suzuki;Cervo;7,4;1,4
Suzuki;Cultus Wagon;7,4;1,4
Suzuki;Escudo;7,4;1,4
Suzuki;Every;7,4;1,4
Suzuki;Every Landy;7,4;1,4
Suzuki;Forenza;7,4;1,4
Suzuki;Grand Escudo;7,4;1,4
Suzuki;Grand Vitara;6,2;1,7
Suzuki;Ignis;10,0;1,4
Suzuki;Jimny;7,4;1,4
Suzuki;Kei;7,4;1,4
Suzuki;Kizashi;6,0;1,4
Suzuki;Landy;7,4;1,4
Suzuki;Liana;9,0;1,4
Suzuki;MR Wagon;7,4;1,4
Suzuki;Reno;7,4;1,4
Suzuki;Samurai;7,4;1,4
Suzuki;Splash;7,4;1,4
Suzuki;Swift;7,4;1,4
Suzuki;SX4;7,1;1,4
Suzuki;Verona;7,4;1,4
Suzuki;Vitara;7,4;1,4
Suzuki;Wagon R;10,0;1,4
Suzuki;Wagon R Plus;10,0;1,4
Suzuki;Wagon R Solio;10,0;1,4
Suzuki;XL7;10,0;1,4
TATA;Aria;8,0;1,5
TATA;Indica;8,0;1,5
TATA;Indigo;8,0;1,5
TATA;Mint;8,0;1,5
TATA;Safari;8,0;1,5
TATA;Sumo;8,0;1,5
Tesla;Roadster;15,0;6,0
Tofas;Albea;8,0;1,5
Tofas;Brava;8,0;1,5
Tofas;Bravo;8,0;1,5
Tofas;Doblo;8,0;1,5
Tofas;Marea;8,0;1,5
Tofas;Palio;8,0;1,5
Tofas;Sahin;8,0;1,5
Toyota;4runner;4,0;1,4
Toyota;Allex;6,0;1,4
Toyota;Allion;6,0;1,4
Toyota;Alphard;4,5;1,4
Toyota;Altezza;6,0;1,4
Toyota;Aurion;6,0;1,4
Toyota;Auris;7,4;1,4
Toyota;Avalon;6,0;1,4
Toyota;Avensis;4,6;2,5
Toyota;Aygo;6,0;1,4
Toyota;BB;6,0;1,4
Toyota;Belta;6,0;1,4
Toyota;Blade;6,0;1,4
Toyota;Brevis;6,0;1,4
Toyota;Caldina;6,0;1,4
Toyota;Cami;6,0;1,4
Toyota;Camry;5,0;3,0
Toyota;Celica;7,5;2,0
Toyota;Celsior;6,0;1,4
Toyota;Century;6,0;1,4
Toyota;Corolla;4,5;2,5
Toyota;Corolla Rumion;4,5;2,5
Toyota;Crown;6,0;1,4
Toyota;Duet;6,0;1,4
Toyota;Echo;4,4;1,4
Toyota;Estima;6,0;1,4
Toyota;FJ Cruiser;4,4;1,4
Toyota;Fortuner;5,3;1,4
Toyota;Funcargo;6,0;1,4
Toyota;Gaia;6,0;1,4
Toyota;GT 86;8,0;2,5
Toyota;Harrier;5,0;2,5
Toyota;Hiace;4,4;1,5
Toyota;Highlander;4,4;1,4
Toyota;Hilux;4,4;1,4
Toyota;Innova;6,0;1,4
Toyota;Ipsum;6,0;1,4
Toyota;iQ;9,0;1,4
Toyota;ISis;6,0;1,4
Toyota;Ist;6,0;1,4
Toyota;Kluger;6,0;1,4
Toyota;Land Cruiser;5,0;2,5
Toyota;Mark II;6,0;1,4
Toyota;Mark X;6,0;1,4
Toyota;Matrix;7,0;1,4
Toyota;MR 2;4,4;1,4
Toyota;MR-S;5,0;1,7
Toyota;Noah;6,0;1,4
Toyota;Opa;6,0;1,4
Toyota;Origin;6,0;1,4
Toyota;Passo;6,0;1,4
Toyota;Platz;6,0;1,4
Toyota;Porte;6,0;1,4
Toyota;Premio;6,0;1,4
Toyota;Previa;6,0;1,4
Toyota;Prius;4,6;1,4
Toyota;Probox;6,0;1,4
Toyota;Progres;6,0;1,4
Toyota;Pronard;6,0;1,4
Toyota;Ractis;4,4;1,4
Toyota;Raum;6,0;1,4
Toyota;RAV 4;5,0;3,0
Toyota;Regius;6,0;1,4
Toyota;Rush;6,0;1,4
Toyota;Sai;6,0;1,4
Toyota;Sequoia;5,0;1,4
Toyota;Sienna;4,4;1,4
Toyota;Sienta;6,0;1,4
Toyota;Soarer;6,0;1,4
Toyota;Succeed;6,0;1,4
Toyota;Tacoma;6,0;1,4
Toyota;Tercel;6,0;1,4
Toyota;Tundra;4,7;1,4
Toyota;Urban Cruiser;6,0;1,4
Toyota;Vanguard;6,0;1,4
Toyota;Vellfire;6,0;1,4
Toyota;Venza;6,0;1,4
Toyota;Verossa;6,0;1,4
Toyota;Verso;6,0;1,4
Toyota;Vios;6,0;1,4
Toyota;Vitz;6,0;1,4
Toyota;Voxy;6,0;1,4
Toyota;Will;6,0;1,4
Toyota;Windom;6,0;1,4
Toyota;Wish;6,0;1,4
Toyota;Yaris;7,4;1,4
TVR;Cerbera;10,0;2,0
TVR;Chimaera;10,0;2,0
TVR;Griffith;10,0;2,0
TVR;Sagaris;10,0;2,0
TVR;Tamora;10,0;2,0
TVR;Tuscan;10,0;2,0
Vauxhall;VXR;10,0;2,0
Vector;Все;15,0;6,0
Volkswagen;Amarok;5,0;1,5
Volkswagen;Beetle;7,0;1,5
Volkswagen;Bora;7,0;1,5
Volkswagen;Caddy;4,4;1,3
Volkswagen;Caravelle;4,3;1,3
Volkswagen;Crafter;4,3;1,5
Volkswagen;Eos;5,0;1,5
Volkswagen;Fox;10,0;1,5
Volkswagen;Golf;4,8;1,5
Volkswagen;Jetta;7,0;1,5
Volkswagen;LT;4,3;1,5
Volkswagen;Lupo;10,0;1,5
Volkswagen;Multivan;3,9;1,3
Volkswagen;Passat;4,5;1,5
Volkswagen;Phaeton;4,0;1,5
Volkswagen;Pointer;10,5;1,5
Volkswagen;Polo;6,8;1,5
Volkswagen;Routan;7,0;1,5
Volkswagen;Scirocco;7,0;1,5
Volkswagen;Sharan;4,5;1,5
Volkswagen;Tiguan;4,5;1,5
Volkswagen;Touareg;4,3;1,5
Volkswagen;Touran;4,4;1,5
Volkswagen;Transporter;4,3;1,5
Volvo;C30;5,5;1,4
Volvo;C70;4,5;1,4
Volvo;Laplander;5,5;1,4
Volvo;S40;5,5;1,4
Volvo;S60;4,4;1,7
Volvo;S80;4,0;1,7
Volvo;V40 Kombi;5,0;1,4
Volvo;V50;4,0;1,4
Volvo;V60;4,0;1,5
Volvo;V70;4,0;1,6
Volvo;XC60;4,0;1,6
Volvo;XC70;4,0;1,7
Volvo;XC90;4,0;2,0
Vortex;Corda;8,0;1,5
Vortex;Estina;8,0;1,5
Vortex;Tingo;8,0;1,5
Xin Kai;PICKUP X3;8,5;1,3
Xin Kai;SR-V X3;8,5;1,3
Xin Kai;SUV X3;8,5;1,3
YueJin;NJ 6471;8,0;1,5
Zastava;10;8,0;1,5
Zastava;128 Skala;8,0;1,5
Zastava;Yugo;8,0;1,5
ZX;Admiral;8,0;1,5
ZX;GrandTiger;8,0;1,5
ZX;Landmark;8,0;1,5
ВАЗ;1111 Ока;9;1,5
ВАЗ;2104;9;2
ВАЗ;2105;9;2
ВАЗ;2106;9;2
ВАЗ;2107;9;2
ВАЗ;2108;9;2
ВАЗ;2109;9;3
ВАЗ;2110;9;2
ВАЗ;2111;9;2
ВАЗ;2112;9;2
ВАЗ;2113;9;2
ВАЗ;2114;9;2
ВАЗ;2115;9;2
ВАЗ;2120 Надежда;6;2
ВАЗ;2121 4x4;9;2
ВАЗ;2129;9;2
ВАЗ;2131;9;2
ВАЗ;2328;9;2
ВАЗ;2329;9;2
ВАЗ;Granta;9;2
ВАЗ;Kalina;9;2
ВАЗ;Priora;9;2
ВАЗ;Revolution;9;2
ГАЗ;2330;9;2
ГАЗ;31;9;2
ГАЗ;Siber;9;2
ЗАЗ;1102;9;1,5
ЗАЗ;1103;9;1,5
ЗАЗ;1103 Slavuta;9;1,5
ЗАЗ;1105;9;1,5
ЗАЗ;1125;9;1,5
ЗАЗ;1140;9;1,5
ЗАЗ;Chance;9;1,5
ЗАЗ;Forza;9;1,5
ЗАЗ;Sens;9;1,5
ЗИЛ;4104;10;2
ИЖ;2126;9;1,5
ИЖ;21261;9;1,5
ИЖ;2717;9;1,5
ЛУАЗ;NULL;9;1,5
СеАЗ;1111;9;1,5
СеАЗ;11116;9;1,5
СМЗ;NULL;9;1,5
ТагАЗ;Accent;6,5;1,5
ТагАЗ;C-10;6,5;1,5
ТагАЗ;C-190;6,5;1,5
ТагАЗ;C-30;6,5;1,5
ТагАЗ;Estina;6,5;1,5
ТагАЗ;Road Partner;6,5;1,5
ТагАЗ;Santa Fe Classic;6,5;1,5
ТагАЗ;Sonata;6,5;1,5
ТагАЗ;Tager;6,5;1,5
ТагАЗ;Tiggo;6,5;1,5
ТагАЗ;Vega;6,5;1,5
УАЗ;2317;6;1,5
УАЗ;2363 Pickup;6;1,5
УАЗ;2363 Pickup;6;1,5
УАЗ;3151;6;1,5
УАЗ;315108 Hunter;6;1,5
УАЗ;31512;6;1,5
УАЗ;31514;6;1,5
УАЗ;31517;6;1,5
УАЗ;31519;6;1,5
УАЗ;315195 Hunter;6;1,5
УАЗ;3153;6;1,5
УАЗ;3159;6;1,5
УАЗ;3160;6;1,5
УАЗ;3162;6;1,5
УАЗ;3163 Patriot;6;1,5
УАЗ;3164;6;1,5
УАЗ;469;6;1,5
Микроавт., малот. гр, фургоны ин. произв.;Все;3,9;0,5
Прицепы, полуприц, спец техника;Все;1,5;0,5
Грузовые ТС, автобусы;Все;3,0;0,5